V1,V2,V3,V4,V5,V6,V7
BX2,198,.J6,4,BX2,198,.J6
BX2,435,.T9,45,BX2,435,.T9
BX4,705,.D2,5B8,6,BX4,705
BT7,71,3.C,66,BT7,71,3.C
BV1,99,D3E,37,BV1,99,D3E
BR1,720,.A9,W55,BR1,720,.A9
BX1,913,.R8,3,BX1,913,.R8
BX4,705,.H3,6G7,6,BX4,705
BX4,655,.O5,45,BX4,655,.O5
BR1,15,C8K,65,BR1,15,C8K
BT6,3,B44,BT6,3,B44,BT6
PR4,453,.C4,PR4,453,.C4,PR4
BX2,182,.N6,742,BX2,182,.N6
HQ8,1,E94,5,HQ8,1,E94
BR1,15,W6B,36,BR1,15,W6B
BX1,795,.S4,8W4,7,BX1,795
BX1,756,.N5,D5,BX1,756,.N5
BX4,705,.R3,4A3,BX4,705,.R3
BV2,45,O94,BV2,45,O94,BV2
F10,38,A73,F10,38,A73,F10
BR6,5.A,6,BR6,5.A,6,BR6
BX4,705,.N5,T66,BX4,705,.N5
BX4,700,.B2,8B4,721,3,BX4
BX2,179,.T4,M63,BX2,179,.T4
BX1,751,.J6,267,BX1,751,.J6
BX4,705,.N5,T66,BX4,705,.N5
BT6,5,2,BT6,5,2,BT6
BX1,752,.M2,4,BX1,752,.M2
BT4,31,G76,BT4,31,G76,BT4
BX2,350,.G7,67,BX2,350,.G7
HQ7,67,U5S,43,HQ7,67,U5S
BX4,705,.N5,A3,BX4,705,.N5
BT3,55,V3,BT3,55,V3,BT3
BX1,912,.P7,413,BX1,912,.P7
BX4,700,.F6,A79,BX4,700,.F6
BR6,0.I,54,BR6,0.I,54,BR6
BT3,80,C65,BT3,80,C65,BT3
BX2,350,.E8,351,3,BX2,350
BX2,350,.T4,67,BX2,350,.T4
BV4,447,.K5,6,BV4,447,.K5
HD5,7.K,727,HD5,7.K,727,HD5
BV2,60,B37,BV2,60,B37,BV2
BR1,15,H5B,313,BR1,15,H5B
BV4,905,.L4,BV4,905,.L4,BV4
BV4,832,.M4,7,BV4,832,.M4
BX4,700,.P2,5C5,6,BX4,700
BX2,350,0.2,BX2,350,0.2,BX2
BX4,700,.S4,7M3,7,BX4,700
BX8,80,.W8,6A3,BX8,80,.W8
BX2,380,.B8,3,BX2,380,.B8
BX1,378,.7.,S68,BX1,378,.7.
BX1,390,.R3,6,BX1,390,.R3
BX2,350,.3.,P73,BX2,350,.3.
BR6,5.A,84E,521,3,BR6,5.A
BX4,705,.M5,42P,67,BX4,705
BT5,90,P45,D44,BT5,90,P45
BX1,378,.W4,4,BX1,378,.W4
BT7,5.N,5,BT7,5.N,5,BT7
BX2,435,.H8,5,BX2,435,.H8
BX2,230,.M2,3,BX2,230,.M2
BX4,654,.B8,BX4,654,.B8,BX4
BX3,474,0.37,.B4,4,BX3,474
BX1,378,.K9,5,BX1,378,.K9
BV4,639,.C3,231,3,BV4,639
BX4,705,.F2,66A,3,BX4,705
BX1,795,.P7,2C3,713,BX1,795
BX2,265,.B2,7,BX2,265,.B2
BX1,795,.S4,8,BX1,795,.S4
BX4,706,.Y6,F5,BX4,706,.Y6
BX2,350,.M4,6,BX2,350,.M4
BX1,795,.H8,2C3,831,3,BX1
BX2,170,.F3,M68,BX2,170,.F3
BX8,18,A1B,35,BX8,18,A1B
BX4,705,.S7,5B3,13,BX4,705
BS2,651,.P2,3,BS2,651,.P2
RA6,43,A35,L5,RA6,43,A35
BV2,195,BV2,195,BV2,195,BV2
BX1,756,.R2,5G7,613,BX1,756
BV4,810,.H4,7,BV4,810,.H4
BX9,45,S37,BX9,45,S37,BX9
BX2,163,L35,7,BX2,163,L35
BX8,91,B34,13V,BX8,91,B34
BX2,347,.4.,H34,BX2,347,.4.
BV4,821,.A1,BV4,821,.A1,BV4
BX8,91,B34,13V,BX8,91,B34
BX4,705,.F7,35A,3,BX4,705
BX4,700,.D7,7W3,5,BX4,700
BX2,160,0.2,BX2,160,0.2,BX2
BV4,625,BV4,625,BV4,625,BV4
BX2,183,BX2,183,BX2,183,BX2
BT3,3,2,BT3,3,2,BT3
BX2,360,0.11,.K6,3,BX2,360
BX2,182,.3.,J64,BX2,182,.3.
BX4,705,.N5,BX4,705,.N5,BX4
BX8,30,A3,BX8,30,A3,BX8
BX2,350,.T3,5,BX2,350,.T3
BL6,24,A33,BL6,24,A33,BL6
BJ1,231,.C3,75,BJ1,231,.C3
D81,0.J,4F7,15,D81,0.J,4F7
BX1,378,.J6,271,3,BX1,378
BX8,30,A3,BX8,30,A3,BX8
BX1,378,.J6,15,BX1,378,.J6
BL2,525,.N4,83,BL2,525,.N4
BX1,936,.5J,65,BX1,936,.5J
BX4,102,.M4,BX4,102,.M4,BX4
BX4,655,.H6,2,BX4,655,.H6
BX1,756,.K6,8O3,BX1,756,.K6
BJ1,278,.S3,7S2,6,BJ1,278
BX1,961,.Y6,7,BX1,961,.Y6
BT6,45,G72,13,BT6,45,G72
BX1,754,.D5,15,BX1,754,.D5
BX2,350,.Z3,63,BX2,350,.Z3
BX4,700,.F6,C78,2,BX4,700
BS2,560,.T4,8,BS2,560,.T4
BS2,330,.E3,6,BS2,330,.E3
BX1,959,.E5,C38,BX1,959,.E5
BX1,751,.2.,C72,BX1,751,.2.
PR4,78,C45,R5,PR4,78,C45
PR6,13,.R4,4P6,PR6,13,.R4
BV4,638,.C3,813,BV4,638,.C3
BX4,653,.D3,4,BX4,653,.D3
PR9,199,.O2,5C7,9,PR9,199
BV2,160,BV2,160,BV2,160,BV2
BT6,3,A66,BT6,3,A66,BT6
BX2,179,.F8,I54,BX2,179,.F8
BX1,754,.K3,65,BX1,754,.K3
BX2,170,.C5,5G3,3,BX2,170
BX2,230,.B4,613,BX2,230,.B4
BX1,795,.M3,4B6,6,BX1,795
BX8,90,J62,331,3,BX8,90
BX5,133,.N4,P37,BX5,133,.N4
BX2,350,.2.,B43,BX2,350,.2.
BX8,90,J62,331,3,BX8,90
BX1,378,.N6,5,BX1,378,.N6
BX4,668,.H2,6A3,BX4,668,.H2
BJ1,231,.C3,75,BJ1,231,.C3
BT8,10,P49,BT8,10,P49,BT8
BX4,406,.Z8,T46,BX4,406,.Z8
BV5,80,.J7,76M,88,BV5,80
BX2,350,.S4,9,BX2,350,.S4
BX1,406,.W4,5,BX1,406,.W4
LC3,83,LC3,83,LC3,83,LC3
BT6,2,H27,BT6,2,H27,BT6
PQ2,625,.A9,3A6,PQ2,625,.A9
BX2,179,.L8,E47,BX2,179,.L8
BT3,6,N68,BT3,6,N68,BT3
BJ1,521,.S3,5,BJ1,521,.S3
BX1,378,.L4,6,BX1,378,.L4
BX2,350,.T4,68,BX2,350,.T4
HX8,10,E54,HX8,10,E54,HX8
BX4,705,.M1,24A,77,BX4,705
BX4,659,.F8,T8,BX4,659,.F8
BX2,350,.G3,35,BX2,350,.G3
BX1,795,.P4,7B8,7,BX1,795
BX1,378,.C6,8,BX1,378,.C6
BX1,752,.S4,BX1,752,.S4,BX1
BT4,53,R31,3,BT4,53,R31
BX1,959,.H5,5,BX1,959,.H5
BX2,380,BX2,380,BX2,380,BX2
BX1,378,.A4,6,BX1,378,.A4
KBU,221,2.M,39,KBU,221,2.M
BX1,752,.N4,8,BX1,752,.N4
BV4,501,.W7,2,BV4,501,.W7
BX4,705,.A7,325,N68,BX4,705
BJ1,249,.D5,2,BJ1,249,.D5
BX1,378,.J6,494,A25,BX1,378
BT7,5.S,5,BT7,5.S,5,BT7
BX2,310,.R7,BX2,310,.R7,BX2
RG1,37,D86,RG1,37,D86,RG1
BJ1,521,.D6,8,BJ1,521,.D6
BX4,668,.C8,7A3,BX4,668,.C8
BV4,211,.3.,C35,BV4,211,.3.
BV4,639,.C3,231,3,BV4,639
BX2,350,.J6,38,BX2,350,.J6
BT6,2,H27,BT6,2,H27,BT6
BX1,756,.S4,5P7,6,BX1,756
PQ2,625,.A9,3,PQ2,625,.A9
HQ7,66,S53,HQ7,66,S53,HQ7
PQ2,625,.A9,3N6,13,PQ2,625
BX1,753,.G5,4,BX1,753,.G5
BX4,668,.B6,7,BX4,668,.B6
BT8,46,3.T,46,BT8,46,3.T
R72,4.O,28,R72,4.O,28,R72
R15,4.B,779,A3,R15,4.B,779
BV4,832,.P4,8,BV4,832,.P4
BX2,350,.N6,695,BX2,350,.N6
BX1,959,.E5,C38,BX1,959,.E5
BX2,170,.C5,6J6,26,BX2,170
BX4,668,.A1,S87,BX4,668,.A1
BX8,90,T62,E6,BX8,90,T62
BX2,355,.B6,6,BX2,355,.B6
BX8,85,T73,BX8,85,T73,BX8
BT1,80,W67,.E,BT1,80,W67
BX4,668,.A1,S87,BX4,668,.A1
BX9,45,H84,BX9,45,H84,BX9
BS4,83,M36,5,BS4,83,M36
BV2,15,B37,BV2,15,B37,BV2
BV8,5.K,385,BV8,5.K,385,BV8
BX4,700,.T5,A4,BX4,700,.T5
BX3,82,O85,13,BX3,82,O85
BR1,641,.C3,7R6,5,BR1,641
PG3,326,.I3,PG3,326,.I3,PG3
BV5,91,.C7,V65,BV5,91,.C7
BX4,406,.Z8,S36,BX4,406,.Z8
BT8,2.B,37,BT8,2.B,37,BT8
BT3,3,2,BT3,3,2,BT3
BX2,179,.L8,R85,13,BX2,179
BX1,959,.M3,8,BX1,959,.M3
BV2,30,J43,BV2,30,J43,BV2
BV8,26,M33,13,BV8,26,M33
BS4,40,H23,7,BS4,40,H23
BX4,700,.F6,T27,BX4,700,.F6
BX1,795,.H6,9N4,4,BX1,795
BX4,655,.G6,7,BX4,655,.G6
BX2,350,.T4,66,BX2,350,.T4
BS2,665,.F5,4,BS2,665,.F5
BX4,700,.L6,F4,BX4,700,.L6
BX2,350,.N4,813,BX2,350,.N4
BX2,260,.W3,4,BX2,260,.W3
BX2,350,.B4,5,BX2,350,.B4
BV5,80,.C3,BV5,80,.C3,BV5
BX2,50,.J4,7H4,3,BX2,50
BX2,215,.C2,613,BX2,215,.C2
HS4,25,W56,HS4,25,W56,HS4
BV4,211,.W3,3,BV4,211,.W3
BX2,230,.B2,6,BX2,230,.B2
BX2,347,.A5,2S4,2,BX2,347
BV5,80,.J7,43,BV5,80,.J7
R72,5.S,25,R72,5.S,25,R72
HV5,275,.W1,5,HV5,275,.W1
BX8,90,J62,331,3,BX8,90
BX4,655,.S2,4,BX4,655,.S2
R72,6.C,293,R72,6.C,293,R72
PS3,554,.E4,5,PS3,554,.E4
BX2,350,.M5,43,BX2,350,.M5
BV2,10,G73,BV2,10,G73,BV2
BX2,0,.A4,C37,BX2,0,.A4
BV4,821,.A1,BV4,821,.A1,BV4
BX1,378,.J5,513,BX1,378,.J5
BX2,182,.F3,7,BX2,182,.F3
BX2,315,.C7,8,BX2,315,.C7
BR8,5.M,77,BR8,5.M,77,BR8
BX4,705,.D5,6L4,9,BX4,705
BR1,608,.C6,Y8,BR1,608,.C6
BX1,378,.E9,4,BX1,378,.E9
PR6,23,.E9,26Z,48,PR6,23
BX9,3,D4,BX9,3,D4,BX9
BV4,407,.D6,4,BV4,407,.D6
BX2,350,0.3,BX2,350,0.3,BX2
BR6,5.A,6,BR6,5.A,6,BR6
BT4,10,W55,BT4,10,W55,BT4
BX1,912,.D5,4,BX1,912,.D5
BX4,700,.B5,J3,BX4,700,.B5
BX2,182,.2.,D58,BX2,182,.2.
BX2,350,.D6,26,BX2,350,.D6
BV4,647,.C6,D64,BV4,647,.C6
BX2,350,.D6,25,BX2,350,.D6
BR1,25,L67,BR1,25,L67,BR1
ML4,10,M9J,76,ML4,10,M9J
HV1,624,.K4,G37,HV1,624,.K4
BT6,45,G72,13,BT6,45,G72
BX2,182,.2.,D64,BX2,182,.2.
BX4,705,.N5,D85,BX4,705,.N5
BV4,515,.D6,3,BV4,515,.D6
BT6,0,MAN,BT6,0,MAN,BT6
BV4,501,.D5,96,BV4,501,.D5
BX2,182,.2P,45,BX2,182,.2P
BV5,82,0.3,BV5,82,0.3,BV5
BX4,705,.N5,N45,3,BX4,705
BX1,421,.2.,B74,BX1,421,.2.
BX4,705,.D5,6D8,7,BX4,705
BX4,705,.K6,W3,BX4,705,.K6
BX4,700,.B7,5B6,BX4,700,.B7
BX4,705,.K6,F57,BX4,705,.K6
B32,13,B84,F72,6,B32,13
BX4,700,.T3,95,BX4,700,.T3
PR6,23,.E9,26Z,48,PR6,23
BV4,625,BV4,625,BV4,625,BV4
BX4,700,.T6,C5,BX4,700,.T6
BV4,639,.F5,8,BV4,639,.F5
BX4,102,.M4,BX4,102,.M4,BX4
BX1,961,.T4,22,BX1,961,.T4
BV4,647,.J6,8.00E+04,4,BV4,647
BT7,67,M29,9,BT7,67,M29
BV5,80,.C2,613,BV5,80,.C2
BV8,5.H,87,BV8,5.H,87,BV8
BV4,579,.5.,H87,BV4,579,.5.
BV4,501,.H8,8,BV4,501,.H8
BX2,350,.H8,7,BX2,350,.H8
BV4,647,.M4,BV4,647,.M4,BV4
BX2,265,0.3,BX2,265,0.3,BX2
B48,350,B48,350,B48,350,B48
BT3,75,C38,BT3,75,C38,BT3
BV4,647,.M4,C38,4,BV4,647
BT3,75,C38,BT3,75,C38,BT3
B48,350,B48,350,B48,350,B48
BV4,11,.N6,83,BV4,11,.N6
BV5,80,.J6,441,3,BV5,80
PR6,37,.P2,9M4,PR6,37,.P2
PR2,976,.G7,38,PR2,976,.G7
PR6,102,PR6,102,PR6,102,PR6
BX4,705,.F2,66C,2,BX4,705
BX2,350,.T7,4,BX2,350,.T7
BV4,501,.G7,785,BV4,501,.G7
PR9,199,.M4,53W,56,PR9,199
PZ3,.M4,463,W,PZ3,.M4,463
BR5,3.S,5,BR5,3.S,5,BR5
BT6,60,M44,B37,BT6,60,M44
BR6,5.A,52E,6,BR6,5.A,52E
BX4,700,.F6,3.00E+05,BX4,700,.F6
BX2,435,.M4,68,BX2,435,.M4
BX1,920,.S3,BX1,920,.S3,BX1
BL2,525,.R4,613,BL2,525,.R4
BX2,350,.C6,23,BX2,350,.C6
BX4,655,.H5,BX4,655,.H5,BX4
BX2,163,BX2,163,BX2,163,BX2
BX4,705,.M1,94B,75,BX4,705
BX4,705,.N5,Z46,BX4,705,.N5
BX1,970,.B4,251,3,BX1,970
BX2,350,.P4,8,BX2,350,.P4
BX4,705,.S3,8F4,15,BX4,705
BX1,752,.I9,4,BX1,752,.I9
D91,9.B,44,D91,9.B,44,D91
BV4,811,.R7,6,BV4,811,.R7
BX4,705,.L7,42A,4,BX4,705
BX2,350,.N6,67,BX2,350,.N6
BX4,700,.T4,P4,BX4,700,.T4
BX4,700,.F6,T51,3,BX4,700
BX2,350,.N6,76,BX2,350,.N6
BX3,78,M2E,931,3,BX3,78
BX4,705,.M5,42A,3,BX4,705
DA2,9,T4D,78,DA2,9,T4D
BV5,80,.J6,441,3,BV5,80
BX4,700,.V6,H8,BX4,700,.V6
PR5,812,.M8,7,PR5,812,.M8
BX2,40,.O4,8,BX2,40,.O4
PR3,403,.A1,PR3,403,.A1,PR3
BT6,5,3,BT6,5,3,BT6
BX2,163,BX2,163,BX2,163,BX2
PZ3,.U5,68M,PZ3,.U5,68M,PZ3
PR6,45,.A9,7B7,PR6,45,.A9
PS3,556,.L8,9.00E+03,5,PS3,556
BS1,91,A1.,C65,BS1,91,A1.
PS3,563,.A2,937,P54,PS3,563
BS1,91,A1.,C65,BS1,91,A1.
BL5,60,C44,5,BL5,60,C44
BL3,10,H3,BL3,10,H3,BL3
PS3,553,.O5,136,M7,PS3,553
PR4,34,PR4,34,PR4,34,PR4
PR3,560,PR3,560,PR3,560,PR3
BT6,50,M26,13,BT6,50,M26
PS3,565,.C5,7W5,PS3,565,.C5
PG7,158,.M5,53A,2,PG7,158
BX4,406,.Z8,G56,13,BX4,406
BS5,92,BS5,92,BS5,92,BS5
BS5,92,BS5,92,BS5,92,BS5
BT7,55,D31,3,BT7,55,D31
BX1,968,.K4,4,BX1,968,.K4
BS1,555,0.3,BS1,555,0.3,BS1
BT1,27,D84,BT1,27,D84,BT1
BS6,80,F3,BS6,80,F3,BS6
BX2,350,.T4,66,BX2,350,.T4
BX2,350,.I3,6,BX2,350,.I3
BX4,705,.A5,8H2,BX4,705,.A5
BS2,560,.I5,BS2,560,.I5,BS2
BX2,159,.P7,D3,BX2,159,.P7
PS3,558,.U4,674,7R5,7,PS3
BT9,6,BT9,6,BT9,6,BT9
BX4,655,.D6,6,BX4,655,.D6
BS2,625,.D8,13,BS2,625,.D8
BT3,1,2.B,28,BT3,1,2.B
BX4,700,.C6,5G7,BX4,700,.C6
BX2,179,.L7,E5,BX2,179,.L7
F10,30,R87,3,F10,30,R87
BS1,197,.A6,3,BS1,197,.A6
BV2,13,E75,13,BV2,13,E75
BS1,430,.C5,4,BS1,430,.C5
BS1,140,.D8,4,BS1,140,.D8
BV2,15,G69,BV2,15,G69,BV2
BV2,15,G7,BV2,15,G7,BV2
BS4,91,B7,BS4,91,B7,BS4
PR6,52,.O3,9M3,PR6,52,.O3
BS1,565,.K4,4,BS1,565,.K4
BS1,555,0.2,BS1,555,0.2,BS1
BV5,91,.C7,R65,BV5,91,.C7
BX4,700,.T4,A81,3,BX4,700
BS2,601,.F5,5,BS2,601,.F5
BX2,185,.C3,513,BX2,185,.C3
BS5,11,H8,BS5,11,H8,BS5
BX4,655,.H3,BX4,655,.H3,BX4
BX4,700,.B7,7S5,7,BX4,700
BX4,700,.A4,25P,33,BX4,700
BR1,720,.A9,C47,BR1,720,.A9
BX4,655,.B2,5,BX4,655,.B2
BM5,80,E34,BM5,80,E34,BM5
BV4,637,.S2,8,BV4,637,.S2
BX4,406,.Z8,M8,BX4,406,.Z8
BV5,80,.C5,3,BV5,80,.C5
BX4,700,.F8,Y4,BX4,700,.F8
BT7,32,K73,3,BT7,32,K73
BX2,160,0.2,BX2,160,0.2,BX2
BX2,265,.K3,6,BX2,265,.K3
BV4,501,.N6,3,BV4,501,.N6
BV4,11,.N6,82,BV4,11,.N6
BX1,376,.P4,6,BX1,376,.P4
BS1,140,.B6,3,BS1,140,.B6
BX1,378,.H3,BX1,378,.H3,BX1
B24,30,W47,4F5,613,B24,30
PS3,558,.U4,674,7B3,8,PS3
HQ7,67,N37,9,HQ7,67,N37
BS2,575,.F4,BS2,575,.F4,BS2
BS5,43,P28,BS5,43,P28,BS5
BX4,705,.R7,251,6L4,3,BX4
BT3,1,B25,BT3,1,B25,BT3
BX4,705,.C7,763,G76,BX4,705
BS1,515,.H4,7,BS1,515,.H4
BX4,668,.S7,7,BX4,668,.S7
BS1,192,.D7,3,BS1,192,.D7
BX9,30,P33,BX9,30,P33,BX9
BX9,30,P33,BX9,30,P33,BX9
BS4,75,G46,BS4,75,G46,BS4
PR6,52,.R5,9,PR6,52,.R5
BS4,75,D65,BS4,75,D65,BS4
PS3,563,.C3,37R,63,PS3,563
PR1,866,.K6,4,PR1,866,.K6
Q14,1.W,22,Q14,1.W,22,Q14
BS2,370,.W5,BS2,370,.W5,BS2
BX1,386,.M1,21,BX1,386,.M1
BX1,386,.M1,21,BX1,386,.M1
BX4,705,.M5,42R,5,BX4,705
F13,0.N,4M3,8,F13,0.N,4M3
BX4,705,.M1,24,BX4,705,.M1
BX4,705,.M1,24O,54,BX4,705
BX4,705,.H4,4A3,3,BX4,705
BS2,407,.G5,BS2,407,.G5,BS2
BX1,406,.2P,82,BX1,406,.2P
PR6,3,.E4,5Z8,PR6,3,.E4
BS1,455,.Z7,2M8,BS1,455,.Z7
BS5,87,BS5,87,BS5,87,BS5
BX4,705,.P8,7M3,4,BX4,705
BT3,1,P18,5,BT3,1,P18
BT4,30,G6,BT4,30,G6,BT4
DG2,79,E94,DG2,79,E94,DG2
BT3,40,G6,BT3,40,G6,BT3
DK2,65,15,P67,DK2,65,15
BT3,40,G6,BT3,40,G6,BT3
BX9,45,L35,BX9,45,L35,BX9
DS1,21,B72,DS1,21,B72,DS1
BV2,100,.N4,BV2,100,.N4,BV2
BP1,72,W52,BP1,72,W52,BP1
BX3,711,.M5,4P3,813,BX3,711
BX4,705,.M7,2M2,5,BX4,705
BX4,700,.T3,H38,BX4,700,.T3
BV4,11,.O2,66,BV4,11,.O2
BX4,705,.F7,35A,3,BX4,705
BR1,608,.C2,BR1,608,.C2,BR1
BX4,700,.F3,4R3,BX4,700,.F3
BX4,700,.S6,5A8,6,BX4,700
BX8,30,B42,68,BX8,30,B42
BX8,80,.J4,4T7,5,BX8,80
BX2,350,.B4,55,BX2,350,.B4
BX2,233,.N5,4,BX2,233,.N5
BX2,351,.M3,77,BX2,351,.M3
BX2,351,.M3,77,BX2,351,.M3
BR1,720,.A9,B7,BR1,720,.A9
BS2,505,.G5,32,BS2,505,.G5
BX1,378,.H3,BX1,378,.H3,BX1
PS3,552,.R6,854,34D,335,PS3
BX1,754,.K3,65,BX1,754,.K3
BX4,705,.N5,.W5,53,BX4,705
HQ7,67,3.C,638,HQ7,67,3.C
BV5,98,C67,BV5,98,C67,BV5
LF9,15,S58,LF9,15,S58,LF9
BX1,755,.S4,6,BX1,755,.S4
LB2,321,.N5,4,LB2,321,.N5
LB2,321,.N5,4,LB2,321,.N5
P90,.M2,577,3,P90,.M2,577
BX4,705,.N4,S4,BX4,705,.N4
V63,.G7,4A3,V63,.G7,4A3,V63
BX4,705,.N5,K47,BX4,705,.N5
LA2,27,B58,4,LA2,27,B58
BX1,390,.H5,BX1,390,.H5,BX1
BX8,42,D84,BX8,42,D84,BX8
PS3,566,.E6,912,S57,PS3,566
BV4,850,.B5,2,BV4,850,.B5
D81,0.J,4F7,271,3,D81,0.J
BV4,625,BV4,625,BV4,625,BV4
B81,9.B,37,B81,9.B,37,B81
BV4,833,.S4,13,BV4,833,.S4
BT6,60,F3B,59,BT6,60,F3B
BL2,747,.M4,BL2,747,.M4,BL2
BX1,6,W3,BX1,6,W3,BX1
BP1,63,R36,BP1,63,R36,BP1
BP1,73,V48,BP1,73,V48,BP1
BL2,530,.U6,G84,BL2,530,.U6
BX8,19,O68,L47,13,BX8,19
PS3,558,.A5,133,Z47,PS3,558
AZ1,1,AZ1,1,AZ1,1,AZ1
BX1,912,.R3,8,BX1,912,.R3
BX2,230,.D2,83,BX2,230,.D2
BL4,8.C,5,BL4,8.C,5,BL4
BX1,912,0.5,BX1,912,0.5,BX1
BX1,912,.D8,7,BX1,912,.D8
BV4,529,.C3,7,BV4,529,.C3
BX1,753,.A5,25,BX1,753,.A5
BM1,55,J48,BM1,55,J48,BM1
BX8,.C5,83,BX8,.C5,83,BX8
BX1,752,BX1,752,BX1,752,BX1
BP6,3,M37,BP6,3,M37,BP6
BX3,78,F56,13,BX3,78,F56
BL8,0.2,H3,BL8,0.2,H3,BL8
BT7,7.L,348,BT7,7.L,348,BT7
BX4,713,.F6,BX4,713,.F6,BX4
LC3,83,M34,LC3,83,M34,LC3
PR6,13,.R4,4M6,PR6,13,.R4
HQ5,6.S,33,HQ5,6.S,33,HQ5
HQ7,67P,45,HQ7,67P,45,HQ7
BT1,20,B31,3,BT1,20,B31
BV2,180,.D3,2,BV2,180,.D3
BJ1,481,.S6,6,BJ1,481,.S6
HQ7,67,W56,18,HQ7,67,W56
HD2,755,0.5,HD2,755,0.5,HD2
BT2,35,H39,BT2,35,H39,BT2
HQ7,67,G62,HQ7,67,G62,HQ7
BT7,1,S45,BT7,1,S45,BT7
HQ7,69,A75,HQ7,69,A75,HQ7
BT7,75,H15,BT7,75,H15,BT7
BX1,795,.A8,5C3,9,BX1,795
BR1,15,W6G,83,BR1,15,W6G
R72,6.E,785,R72,6.E,785,R72
KJC,514,1.A,958,KJC,514,1.A
BX2,350,.D3,13,BX2,350,.D3
PR9,199,.O2,5P5,3,PR9,199
BX8,764,.Z6,F67,BX8,764,.Z6
PR9,199,.O2,5F3,9,PR9,199
BL5,4.G,64,BL5,4.G,64,BL5
BX1,970,.R6,9,BX1,970,.R6
BX4,331,.2Z,8,BX4,331,.2Z
B24,30,G47,2.00E+05,6,B24,30
BX4,705,.M4,575,R6,BX4,705
BV4,639,.C3,231,3,BV4,639
BV3,700,.D2,3,BV3,700,.D2
BX4,655,.O4,BX4,655,.O4,BX4
BX1,756,.W9,D43,BX1,756,.W9
BX1,421,.D3,BX1,421,.D3,BX1
BT8,46,M37,BT8,46,M37,BT8
HN3,7.C,3,HN3,7.C,3,HN3
BV2,195,BV2,195,BV2,195,BV2
HV9,815,0.6,HV9,815,0.6,HV9
BX1,378,.W4,5,BX1,378,.W4
BX1,378,.5.,L37,BX1,378,.5.
BT7,72,S7,BT7,72,S7,BT7
BS5,87,BS5,87,BS5,87,BS5
PG7,169,.O4,A26,PG7,169,.O4
BS1,455,.Z7,2M8,BS1,455,.Z7
BS4,75,C38,3,BS4,75,C38
BS2,407,.G5,BS2,407,.G5,BS2
BT7,32,G34,BT7,32,G34,BT7
LF7,95,L69,295,3N4,LF7,95
BM6,45,P7K,87,BM6,45,P7K
BT2,99,C5,BT2,99,C5,BT2
HV5,278,.A7,8W1,7,HV5,278
BT7,32,L53,BT7,32,L53,BT7
BR1,703,BR1,703,BR1,703,BR1
BV4,630,.H3,8,BV4,630,.H3
PS3,525,.E7,174,A6,PS3,525
BX2,215,.M4,BX2,215,.M4,BX2
BT6,60,G8A,63,BT6,60,G8A
BT6,45,5,BT6,45,5,BT6
RC4,80,5,RC4,80,5,RC4
RC4,55,S8,RC4,55,S8,RC4
BS5,38,V64,BS5,38,V64,BS5
RC4,89,L6F,695,RC4,89,L6F
BX2,350,.V1,5,BX2,350,.V1
PN6,71,.C6,7C4,5,PN6,71
BT4,50,B32,BT4,50,B32,BT4
P2M,P2M,P2M,P2M,P2M,P2M,P2M
F10,30,Z96,9,F10,30,Z96
BX1,490,.4.,D84,BX1,490,.4.
BX1,530,.D6,13,BX1,530,.D6
FC2,43,.5C,4,FC2,43,.5C
BT2,2,Y33,BT2,2,Y33,BT2
E18,4.I,6L3,9,E18,4.I,6L3
BX4,705,.N5,B65,3,BX4,705
BX2,177,.P7,2,BX2,177,.P7
BR1,45,H81,2,BR1,45,H81
BX9,65,BX9,65,BX9,65,BX9
BX4,705,.N5,M6,BX4,705,.N5
BX8,30,R9,BX8,30,R9,BX8
BR1,0,N5N,49,BR1,0,N5N
BX8,30,R92,BX8,30,R92,BX8
BX8,30,R93,BX8,30,R93,BX8
BX8,30,R88,BX8,30,R88,BX8
BT6,60,G8,BT6,60,G8,BT6
BX4,705,.N5,F62,BX4,705,.N5
QC7,73,A1L,3,QC7,73,A1L
BR1,45,M33,5,BR1,45,M33
BX4,705,.N5,S9,BX4,705,.N5
BX3,711,.A1,H57,BX3,711,.A1
BX3,711,.A1,H57,BX3,711,.A1
PG3,479,.R6,4R6,913,PG3,479
PQ2,603,.E5,875,D52,PQ2,603
PR1,181,.O8,PR1,181,.O8,PR1
PR9,199,.O2,5I8,5,PR9,199
BX8,85,T73,BX8,85,T73,BX8
PR6,23,.E9,26A,6,PR6,23
BT1,98,P44,BT1,98,P44,BT1
BL4,8.G,575,13,BL4,8.G,575
BX4,705,.N5,C36,BX4,705,.N5
BT2,1.N,5,BT2,1.N,5,BT2
BX1,756,.R2,8D6,313,BX1,756
BJ1,251,.H3,27,BJ1,251,.H3
BT1,102,.H6,7,BT1,102,.H6
BX5,199,.L5,3A2,5,BX5,199
BS6,35,H43,BS6,35,H43,BS6
BR8,5.L,484,6,BR8,5.L,484
BT3,1,BT3,1,BT3,1,BT3
BR1,21,C5,BR1,21,C5,BR1
BT3,1,E3,BT3,1,E3,BT3
BR1,0,N4,BR1,0,N4,BR1
BR5,0.B,435,13,BR5,0.B,435
BX1,378,.A2,5,BX1,378,.A2
BX2,347,.4.,H34,BX2,347,.4.
BT5,87,S4W,53,BT5,87,S4W
BT5,87,S4A,58,BT5,87,S4A
BT1,102,.K7,24,BT1,102,.K7
PN8,5.L,49,PN8,5.L,49,PN8
BX2,350,.L4,73,BX2,350,.L4
BT3,3,S77,BT3,3,S77,BT3
BR1,62,H37,BR1,62,H37,BR1
BT1,5.L,48,BT1,5.L,48,BT1
BX8,90,T62,E6,BX8,90,T62
BT3,3,F34,BT3,3,F34,BT3
JA7,1.S,278,JA7,1.S,278,JA7
BJ1,401,.N4,5,BJ1,401,.N4
BX5,199,.L5,3A2,5,BX5,199
BH8,1.S,751,3,BH8,1.S,751
BX4,705,.N5,S5,BX4,705,.N5
BX8,8,B46,BX8,8,B46,BX8
BX4,655,.3.,B46,BX4,655,.3.
BT8,21,S52,BT8,21,S52,BT8
BV8,25,V6,BV8,25,V6,BV8
BX4,705,.W2,87S,52,BX4,705
BX1,378,.A2,5,BX1,378,.A2
BX1,751,.O6,785,BX1,751,.O6
BT3,1,S41,83,BT3,1,S41
BX2,179,.L8,M33,4,BX2,179
DS4,9.D,24,DS4,9.D,24,DS4
BX3,4,.Z5,C33,9,BX3,4
PN6,165,.R6,6,PN6,165,.R6
BX3,4,.K3,45,BX3,4,.K3
BX9,418,.M2,8,BX9,418,.M2
HQ6,3.H,8,HQ6,3.H,8,HQ6
BX4,805,.D3,13,BX4,805,.D3
BT7,6,W41,3,BT7,6,W41
BV1,70,N37,L50,5,BV1,70
BX1,406,.D3,9,BX1,406,.D3
BX2,233,.G7,6,BX2,233,.G7
BS8,95,S77,BS8,95,S77,BS8
BX2,350,.B3,5,BX2,350,.B3
BF5,1.V,57,BF5,1.V,57,BF5
BV4,911,.L3,8,BV4,911,.L3
BX2,260,BX2,260,BX2,260,BX2
BX4,668,.D3,A33,BX4,668,.D3
BT6,60,F3,BT6,60,F3,BT6
BX2,35,.P4,1.00E+05,BX2,35,.P4
BS4,441,BS4,441,BS4,441,BS4
BX8,85,T73,BX8,85,T73,BX8
BX4,668,.D3,A33,BX4,668,.D3
BX1,805,.B8,4,BX1,805,.B8
BT2,1.N,49,BT2,1.N,49,BT2
BX4,705,.N5,B51,3,BX4,705
BX2,230,.G5,BX2,230,.G5,BX2
BV8,3,M52,BV8,3,M52,BV8
BL6,5.T,47W,45,BL6,5.T,47W
BF5,75,G7L,67,BF5,75,G7L
QE7,7,T4K,63,QE7,7,T4K
BX4,705,.M5,42K,44,BX4,705
BT3,6,B35,13,BT3,6,B35
BX1,905,.R3,13,BX1,905,.R3
BT9,99,B37,BT9,99,B37,BT9
BD4,50,T41,3,BD4,50,T41
BX1,756,.B3,38D,851,3,BX1
BX1,749,.T6,F3,BX1,749,.T6
PL1,455,.N5,8,PL1,455,.N5
BT3,1,F7,BT3,1,F7,BT3
BS2,615,.B3,84,BS2,615,.B3
BX1,746,.G8,13,BX1,746,.G8
BT8,21,G82,BT8,21,G82,BT8
PE2,835,.O9,PE2,835,.O9,PE2
BT2,18,G81,3,BT2,18,G81
BX2,351,.O9,4,BX2,351,.O9
PJ4,567,.W4,PJ4,567,.W4,PJ4
PC4,640,.R3,2,PC4,640,.R3
BX2,350,0.3,BX2,350,0.3,BX2
BX2,183,.M3,3,BX2,183,.M3
BT5,90,W6W,33,BT5,90,W6W
PA2,107,.B4,PA2,107,.B4,PA2
BT2,2,S45,BT2,2,S45,BT2
BT2,2,P25,BT2,2,P25,BT2
BR1,23,M43,5,BR1,23,M43
PA2,61,PA2,61,PA2,61,PA2
BT9,99,B37,BT9,99,B37,BT9
PJ4,567,.H2,8,PJ4,567,.H2
BT7,51,F25,BT7,51,F25,BT7
PA2,87,.H5,32,PA2,87,.H5
PA2,87,.H5,3,PA2,87,.H5
BV4,655,.R6,BV4,655,.R6,BV4
BS4,80,N42,BS4,80,N42,BS4
BX2,236,.2.,A55,BX2,236,.2.
R72,5.M,37,R72,5.M,37,R72
BT9,0,BT9,0,BT9,0,BT9
BX5,133,.N4,S35,2,BX5,133
BV5,91,.C7,P48,13,BV5,91
BS6,80,M35,G73,BS6,80,M35
BX2,178,.A9,3,BX2,178,.A9
BX5,133,.N4,P3,BX5,133,.N4
BL6,24,W51,3,BL6,24,W51
PQ2,683,.I3,2Z5,8,PQ2,683
BX4,700,.C5,6S5,BX4,700,.C5
BX2,350,.N6,72,BX2,350,.N6
BV2,10,G73,BV2,10,G73,BV2
BV4,11,.N6,8,BV4,11,.N6
BT1,0.M,3,BT1,0.M,3,BT1
BX4,700,.L7,BX4,700,.L7,BX4
BV2,45,N69,BV2,45,N69,BV2
BV2,10,2,BV2,10,2,BV2
BX4,651,.M2,7,BX4,651,.M2
BV1,76,S48,BV1,76,S48,BV1
BT2,2,B53,13,BT2,2,B53
BT3,1,S46,BT3,1,S46,BT3
BX2,183,.C5,BX2,183,.C5,BX2
BS5,11,M22,4,BS5,11,M22
BT8,21,G82,BT8,21,G82,BT8
BV5,32,.T3,14,BV5,32,.T3
BV5,80,.J7,759,3,BV5,80
BV4,647,.P6,M43,13,BV4,647
BV2,30,L38,3,BV2,30,L38
B76,5.T,54C,64,B76,5.T,54C
BX2,179,.L8,E47,BX2,179,.L8
BT1,21,B64,BT1,21,B64,BT1
BT2,2,T78,BT2,2,T78,BT2
BT7,5.M,395,BT7,5.M,395,BT7
BV4,466,.L4,4,BV4,466,.L4
BX8,30,K54,313,BX8,30,K54
BX2,350,.3.,A65,BX2,350,.3.
BT1,2,BT1,2,BT1,2,BT1
BX2,170,.C5,6J6,3,BX2,170
BV2,10,P44,BV2,10,P44,BV2
BX1,378,0.5,BX1,378,0.5,BX1
BX2,435,.N5,7,BX2,435,.N5
PR6,39,.O3,2H6,356,PR6,39
BV4,911,.R6,5,BV4,911,.R6
BV6,76,W54,6,BV6,76,W54
BV4,821,.A1,BV4,821,.A1,BV4
BT6,60,F3M,32,BT6,60,F3M
BX2,215,.3.,C65,BX2,215,.3.
BV4,0.M,28,BV4,0.M,28,BV4
BX1,532,.G3,T33,BX1,532,.G3
BX2,350,.N6,67,BX2,350,.N6
BX2,350,.G3,175,13,BX2,350
BX2,351,BX2,351,BX2,351,BX2
BR1,725,.M3,46A,3,BR1,725
BT6,60,F3M,364,13,BT6,60
BV2,65,F36,BV2,65,F36,BV2
BX2,200,.H2,3,BX2,200,.H2
BV2,10,2,BV2,10,2,BV2
BX2,349,.H4,2,BX2,349,.H4
BV2,13,BV2,13,BV2,13,BV2
BR1,70,.S4,5,BR1,70,.S4
BV5,80,.C5,3,BV5,80,.C5
BR6,5.A,9P4,513,BR6,5.A,9P4
BX4,700,.F6,M67,5,BX4,700
BT6,45,BT6,45,BT6,45,BT6
BT6,40,M6,BT6,40,M6,BT6
BX2,183,.C5,BX2,183,.C5,BX2
BX2,160,.L6,8,BX2,160,.L6
BX2,170,.L4,BX2,170,.L4,BX2
BX2,350,.R5,4,BX2,350,.R5
BV4,817,.P7,4,BV4,817,.P7
BS5,11,M87,BS5,11,M87,BS5
BX2,350,BX2,350,BX2,350,BX2
BX2,350,BX2,350,BX2,350,BX2
BV2,45,B31,74,BV2,45,B31
BV4,905,.M2,8,BV4,905,.M2
BV4,905,.S7,7,BV4,905,.S7
BV2,15,S32,BV2,15,S32,BV2
BX2,183,.Q6,13,BX2,183,.Q6
BV4,905,.W4,5,BV4,905,.W4
BR1,0,T37,3,BR1,0,T37
B24,30,T37,3H9,3,B24,30
BX2,178,.A9,3,BX2,178,.A9
BX1,749,.T5,13,BX1,749,.T5
PR4,453,.C4,M38,PR4,453,.C4
BX9,46,N48,BX9,46,N48,BX9
BX1,407,.P6,3C4,3,BX1,407
BX1,754,.W3,9,BX1,754,.W3
PR4,453,.C4,C5,PR4,453,.C4
PR6,3,.E4,5,PR6,3,.E4
PR5,107,.D6,PR5,107,.D6,PR5
BT4,57,S54,BT4,57,S54,BT4
BX2,250,.W8,4,BX2,250,.W8
PR5,818,.D3,PR5,818,.D3,PR5
BX1,389,.R4,3,BX1,389,.R4
BV4,647,.H8,F73,BV4,647,.H8
BX2,435,.S5,6,BX2,435,.S5
BX1,754,.K7,4,BX1,754,.K7
BX5,133,.N4,S35,2,BX5,133
BX2,260,.H1,5,BX2,260,.H1
BX2,163,.Y4,8,BX2,163,.Y4
BX2,435,.O3,3,BX2,435,.O3
PR1,870,.A1,PR1,870,.A1,PR1
BX8,14,C66,3G5,913,BX8,14
BV4,832,.D6,3,BV4,832,.D6
BX2,350,.D6,25,BX2,350,.D6
BV4,526,.D6,5,BV4,526,.D6
BX8,9,F6L,820,3,BX8,9
BV4,831,.J8,BV4,831,.J8,BV4
BT4,56,W7,BT4,56,W7,BT4
BX4,700,.C4,V56,BX4,700,.C4
BX4,700,.D8,3,BX4,700,.D8
BS2,585,.4.,S65,BS2,585,.4.
BX4,711,0.17,.R3,9,BX4,711
BX2,350,.G7,7,BX2,350,.G7
PZ8,.S1,4L,PZ8,.S1,4L,PZ8
BX8,90,L5,BX8,90,L5,BX8
BX1,751,.S4,2,BX1,751,.S4
BT6,4,M35,BT6,4,M35,BT6
BT6,4,M3,BT6,4,M3,BT6
BT6,4,M3,BT6,4,M3,BT6
BX4,705,.N5,G74,BX4,705,.N5
BT8,25,V58,13,BT8,25,V58
PQ2,637,.A2,74V,7,PQ2,637
BX2,350,0.3,BX2,350,0.3,BX2
BX2,350,.M4,49,BX2,350,.M4
PS3,525,.E7,174,C3,PS3,525
BV5,80,.J7,73,BV5,80,.J7
BT9,93,C58,13,BT9,93,C58
BX2,350,.D6,2,BX2,350,.D6
BX2,350,.D6,23,BX2,350,.D6
HV8,699,.U5,P74,HV8,699,.U5
PR9,199,.O2,5T4,7,PR9,199
PR9,199,.O2,5S7,7,PR9,199
PR9,199,.O2,5.00E+02,8,PR9,199
PZ3,.T1,411,5H8,PZ3,.T1,411
BX4,705,.B1,15,5A3,BX4,705
BX4,700,.L7,T45,13,BX4,700
BX2,350,.E5,34,BX2,350,.E5
BX3,755,D53,BX3,755,D53,BX3
F10,21,C76,F10,21,C76,F10
PR6,31,.,PR6,31,.,PR6
BV4,637,BV4,637,BV4,637,BV4
BV6,0,2.D,78,BV6,0,2.D
BT3,1,B46,213,BT3,1,B46
BT3,1,C34,BT3,1,C34,BT3
BX8,73A,BX8,73A,BX8,73A,BX8
BT3,3,M46,5,BT3,3,M46
BT3,3,2.M,465,BT3,3,2.M
BT3,3,2.M,465,BT3,3,2.M
BX8,30,O46,BX8,30,O46,BX8
BX3,706,.W7,5,BX3,706,.W7
HD5,7.L,69,HD5,7.L,69,HD5
BT3,1,M35,BT3,1,M35,BT3
BX4,700,.L7,A31,3,BX4,700
BX1,746,.D8,2,BX1,746,.D8
BX8,30,O43,BX8,30,O43,BX8
BL5,1.R,241,3,BL5,1.R,241
BS2,555,.B7,633,BS2,555,.B7
BX1,378,.W4,5,BX1,378,.W4
BX1,749,.T5,15,BX1,749,.T5
BV4,645,.P5,13,BV4,645,.P5
BT1,27,D78,BT1,27,D78,BT1
BX1,746,.D7,9,BX1,746,.D7
BT1,27,D8,BT1,27,D8,BT1
BR1,65,C48,BR1,65,C48,BR1
BR2,52,S6,BR2,52,S6,BR2
HQ6,11,O96,8,HQ6,11,O96
BR2,0,D34,BR2,0,D34,BR2
BR1,15,C8G,27,BR1,15,C8G
BX1,912,.J6,313,BX1,912,.J6
KBU,221,2.A,52,KBU,221,2.A
BX4,700,.T6,C5,BX4,700,.T6
BX1,751,0.2,BX1,751,0.2,BX1
BR1,706,.E3,7,BR1,706,.E3
BX1,912,.R6,75,BX1,912,.R6
BX3,755,.O6,5,BX3,755,.O6
BV7,72,N68,BV7,72,N68,BV7
BX2,350,.M2,65,BX2,350,.M2
B76,5.T,52E,474,B76,5.T,52E
BX4,700,.L7,A25,BX4,700,.L7
BX2,347,.M3,8,BX2,347,.M3
BX2,350,.G3,5,BX2,350,.G3
BT2,2,B64,6,BT2,2,B64
BX1,795,.S4,8G7,3,BX1,795
BX1,970,.C3,47,BX1,970,.C3
F10,30,Z89,65,F10,30,Z89
BS2,505,.A3,M43,BS2,505,.A3
PS3,535,.I3,45,PS3,535,.I3
BX2,230,.S6,6,BX2,230,.S6
BS2,585,.H4,3,BS2,585,.H4
BX2,179,.L8,B37,BX2,179,.L8
BX1,751,.B2,331,3,BX1,751
BT8,0.B,333,BT8,0.B,333,BT8
BX2,250,.E4,519,90,BX2,250
BS2,555,.F4,9,BS2,555,.F4
BR1,27,R38,13,BR1,27,R38
BX1,749,.T3,6,BX1,749,.T3
BX1,751,.R3,381,3,BX1,751
BX1,751,.K6,8,BX1,751,.K6
BL7,81,G65,BL7,81,G65,BL7
BX4,700,.L7,A31,3,BX4,700
BX1,751,.M3,367,BX1,751,.M3
PR4,453,.C4,Z84,PR4,453,.C4
GT1,50,V57,GT1,50,V57,GT1
BX1,789,.P3,3,BX1,789,.P3
R72,5.5,5.S,665,R72,5.5,5.S
GT2,860,.V5,7,GT2,860,.V5
BS2,555,.F4,9,BS2,555,.F4
BX1,753,.A3,9,BX1,753,.A3
PR4,453,.C4,I7,PR4,453,.C4
PZ4,.S6,9PG,348,8.O,4,PZ4
PR2,322,.A4,PR2,322,.A4,PR2
PG3,421,.O8,PG3,421,.O8,PG3
PG3,366,.D4,3,PG3,366,.D4
PG3,421,.Z3,PG3,421,.Z3,PG3
BT7,4,O33,BT7,4,O33,BT7
BF5,75,L8P,68,BF5,75,L8P
BX2,350,.2.,R6,BX2,350,.2.
PG3,488,.O4,S,PG3,488,.O4
PZ3,.G8,319,PR6,13,.R4,4
PS3,509,.L4,3C6,PS3,509,.L4
BT1,102,.K7,2,BT1,102,.K7
BV4,509,.K4,651,3,BV4,509
PZ4,.S6,9PG,348,8.O,4,PZ4
BR1,317,.K5,7G5,7,BR1,317
BX1,959,.E5,C38,BX1,959,.E5
PA8,17,W4,PA8,17,W4,PA8
D38,3.J,64,D38,3.J,64,D38
BT1,0,B45,13,BT1,0,B45
BS2,506,.W5,4,BS2,506,.W5
BS2,650,.C3,6,BS2,650,.C3
BV4,509,.S2,95,BV4,509,.S2
BR4,40,D31,3,BR4,40,D31
PR4,453,.C4,M4,PR4,453,.C4
BT8,25,K68,BT8,25,K68,BT8
BT8,46,K7,BT8,46,K7,BT8
BX2,350,.G3,5,BX2,350,.G3
PQ2,625,.A9,3A6,PQ2,625,.A9
ML3,845,.S3,975,ML3,845,.S3
NA5,620,.S1,58V,58,NA5,620
BV6,52,95,M39,BV6,52,95
BT6,13,R35,3,BT6,13,R35
BT3,1,BT3,1,BT3,1,BT3
BX2,385,.A5,93,BX2,385,.A5
BX2,350,.G4,4,BX2,350,.G4
PZ3,.T7,578,PR6,39,.R7,PZ3
BX4,818,.B7,BX4,818,.B7,BX4
BX4,705,.N4,7,BX4,705,.N4
BX4,700,.F6,C78,4,BX4,700
DA3,34,W8F,38,DA3,34,W8F
BR1,720,.A9,O36,BR1,720,.A9
BV4,630,.K7,3,BV4,630,.K7
DS1,17,J54,DS1,17,J54,DS1
QP3,76,S63,77,QP3,76,S63
BX1,970,.N5,3,BX1,970,.N5
M21,19,N43,M21,19,N43,M21
BR1,18,BR1,18,BR1,18,BR1
T14,.P6,67,T14,.P6,67,T14
BX4,705,.N5,J35,BX4,705,.N5
B79,1.S,38,B79,1.S,38,B79
BX4,655,.S7,4,BX4,655,.S7
BX4,705,.D2,95D,6,BX4,705
BX2,351,BX2,351,BX2,351,BX2
BX4,655,.B3,55,BX4,655,.B3
BX4,700,.K5,5T7,4,BX4,700
BX4,655,.C7,8,BX4,655,.C7
BT6,1,D25,3,BT6,1,D25
BT2,99,BT2,99,BT2,99,BT2
BX4,657,.H3,BX4,657,.H3,BX4
BX4,705,.M2,535,V3,BX4,705
BX4,700,.V6,D33,BX4,700,.V6
BX4,705,.B3,55,BX4,705,.B3
BX4,705,.D2,5F3,7,BX4,705
BR6,5.A,78E,5,BR6,5.A,78E
AZ1,1,AZ1,1,AZ1,1,AZ1
HQ1,221,.V6,5,HQ1,221,.V6
PR6,15,.U7,6T4,PR6,15,.U7
BX4,700,.V5,R87,BX4,700,.V5
BX1,378,.M2,6,BX1,378,.M2
BX1,396,.R6,3,BX1,396,.R6
BX1,378,.D3,5,BX1,378,.D3
LB6,75,B72,5S5,LB6,75,B72
PS3,552,.R6,854,34D,336,5
BX4,700,.K5,5S8,BX4,700,.K5
BX4,700,.C4,G54,3,BX4,700
BT6,45,C78,9,BT6,45,C78
BX4,700,.V5,T75,BX4,700,.V5
BX4,669,.C7,8,BX4,669,.C7
BT6,60,BT6,60,BT6,60,BT6
BX4,700,.P3,G3,BX4,700,.P3
BX4,655,.H3,BX4,655,.H3,BX4
BT8,72,H43,BT8,72,H43,BT8
BT6,2,S55,BT6,2,S55,BT6
ML4,29,T7A,3,ML4,29,T7A
PQ2,605,.L2,A8,PQ2,605,.L2
BV4,647,.M4,P45,5,BV4,647
BX2,347,0.4,BX2,347,0.4,BX2
BS5,34,W56,BS5,34,W56,BS5
P94,.M8,P94,.M8,P94,.M8,P94
BX1,749,.T5,BX1,749,.T5,BX1
BT4,55,S45,BT4,55,S45,BT4
BX8,90,S53,7,BX8,90,S53
BX2,170,.C5,6S5,3,BX2,170
BV4,501,.S4,4,BV4,501,.S4
BX4,700,.T5,S44,BX4,700,.T5
HQ7,34,S54,HQ7,34,S54,HQ7
BX2,350,.S4,4,BX2,350,.S4
BX4,705,.S6,12A,37,BX4,705
BT1,200,.S5,BT1,200,.S5,BT1
BT4,30,S47,BT4,30,S47,BT4
BT4,56,S47,BT4,56,S47,BT4
JC5,85,S5,JC5,85,S5,JC5
BT4,56,S44,BT4,56,S44,BT4
BT3,1,BT3,1,BT3,1,BT3
BX1,754,.S5,6,BX1,754,.S5
BX2,350,.S4,6,BX2,350,.S4
HQ7,96,S44,3,HQ7,96,S44
BX2,350,.S5,3,BX2,350,.S5
BX8,91,S56,BX8,91,S56,BX8
BX1,912,.S4,BX1,912,.S4,BX1
BX2,350,.S5,4,BX2,350,.S5
BX2,350,.S5,2,BX2,350,.S5
BT3,1,S41,83,BT3,1,S41
BT3,1,S41,83,BT3,1,S41
BX2,170,.S6,S45,BX2,170,.S6
BX2,170,.S6,S45,BX2,170,.S6
E18,3.7,.B5,7,E18,3.7,.B5
F26,4.G,84M,39,F26,4.G,84M
BX2,353,.C4,819,86,BX2,353
PZ3,.G8,319,E,PZ3,.G8,319
BR1,62,3,BR1,62,3,BR1
BX4,705,.S3,42A,5,BX4,705
BR3,75,H75,2,BR3,75,H75
BX1,754,.S5,53,BX1,754,.S5
HQ7,67,K73,HQ7,67,K73,HQ7
HQ7,66,A53,HQ7,66,A53,HQ7
BX2,350,.M2,73,BX2,350,.M2
PQ4,809,.O6,6C3,813,PQ4,809
BX1,795,.S4,8P4,8,BX1,795
BT7,25,G35,13,BT7,25,G35
BX2,350,.A4,6,BX2,350,.A4
BX3,703,.B2,7,BX3,703,.B2
BV5,80,.C3,BV5,80,.C3,BV5
BX2,157,.K8,3,BX2,157,.K8
HQ3,2.W,475,HQ3,2.W,475,HQ3
BV2,626,.F3,3A3,BV2,626,.F3
RC5,33,M39,RC5,33,M39,RC5
BX2,230,.S6,5,BX2,230,.S6
BT1,102,.K7,4,BT1,102,.K7
BL2,65,L5M,87,BL2,65,L5M
BV5,91,.C7,K41,3,BV5,91
PN6,71,L4,PN6,71,L4,PN6
BT8,85,M38,8,BT8,85,M38
PR6,66,.O4,8.00E+04,PR6,66,.O4
PR6,45,.A9,7L6,8,PR6,45
PR9,619,.W4,S56,PR9,619,.W4
D20,9.P,26,D20,9.P,26,D20
B35,8.C,57,B35,8.C,57,B35
BX4,705,.N5,B49,198,9,BX4
PR4,571,.A1,PR4,571,.A1,PR4
BX4,700,.T5,A32,6,BX4,700
BX1,795,.N3,6M4,720,3,BX1
BV4,647,.M4,F73,BV4,647,.M4
BS1,140,.C6,5,BS1,140,.C6
BX1,378,.I9,4,BX1,378,.I9
BJ3,7.K,74,BJ3,7.K,74,BJ3
BS5,87,K72,BS5,87,K72,BS5
B76,5T5,4G3,14,B76,5T5,4G3
BX1,752,.M2,37,BX1,752,.M2
BT9,7.L,43,BT9,7.L,43,BT9
BX2,350,.S3,7,BX2,350,.S3
BR6,5.I,62E,5,BR6,5.I,62E
BT8,3.S,323,BT8,3.S,323,BT8
BX1,378,.6.,A5,BX1,378,.6.
BR1,12,K5,BR1,12,K5,BR1
BR1,15,E3C,38,BR1,15,E3C
BX4,700,.F6,B55,5,BX4,700
PT8,950,.U5,O61,513,PT8,950
PT8,950,.U5,O61,613,PT8,950
PT8,950,.U5,O62,13,PT8,950
PT8,950,.U5,O63,13,PT8,950
B16,49,S24,71D,66,B16,49
BX1,913,.M3,7,BX1,913,.M3
BR5,26,D73,5,BR5,26,D73
BV2,10,D89,BV2,10,D89,BV2
BT4,50,B32,BT4,50,B32,BT4
PR6,0,.A9,L4,PR6,0,.A9
BF5,1.P,43,BF5,1.P,43,BF5
BJ1,401,.W7,2,BJ1,401,.W7
PR4,453,.C4,PR4,453,.C4,PR4
AC1,.E8,0.91,3,AC1,.E8,0.91
BV2,10,L44,BV2,10,L44,BV2
PE1,585,.L4,PE1,585,.L4,PE1
BR8,5.L,484,BR8,5.L,484,BR8
BX9,45,V53,BX9,45,V53,BX9
PN6,71,.R4,B6,PN6,71,.R4
BX4,705,.C6,814,5T7,613,BX4
BX2,350,.G7,4,BX2,350,.G7
BX2,179,.L8,T44,5,BX2,179
BX9,55,2,BX9,55,2,BX9
BX1,747,.C4,8,BX1,747,.C4
BX4,671,.C3,5,BX4,671,.C3
PR9,199,.O2,5,PR9,199,.O2
B33,59,V64,V66,B33,59,V64
BV4,447,.D3,9,BV4,447,.D3
BX2,230,0.3,BX2,230,0.3,BX2
BX1,961,.S5,6,BX1,961,.S5
BX1,753,.C3,713,BX1,753,.C3
BV4,447,.E3,27,BV4,447,.E3
BX2,347,.Y7,R46,BX2,347,.Y7
BX1,961,.K4,BX1,961,.K4,BX1
PR6,23,.E9,26A,17,PR6,23
BV4,597,.L4,3W5,3,BV4,597
PZ7,.H1,828,M,PZ7,.H1,828
BX1,754,.K5,4,BX1,754,.K5
HQ7,55,85,N48,HQ7,55,85
BT6,55,K25,BT6,55,K25,BT6
DS1,35,N6F,733,13,DS1,35
BX2,376,.G3,5,BX2,376,.G3
BT5,80,K53,I45,BT5,80,K53
HQ7,67,15,S56,HQ7,67,15
D00,6,D00,6,D00,6,D00
BX1,912,BX1,912,BX1,912,BX1
PN1,997,.G6,774,PN1,997,.G6
PN1,995,.F6,7O8,8,PN1,995
PN1,995,.M4,5B4,553,PN1,995
AP2,.R2,553,AP2,.R2,553,AP2
PR6,3,E7,PR6,3,E7,PR6
BX1,378,.V4,620,13,BX1,378
BR1,720,.A9,L36,132,2,BR1
BX1,751,.G8,513,BX1,751,.G8
BS8,95,K62,BS8,95,K62,BS8
BS8,95,K62,0.2,BS8,95,K62
HQ7,66,3.N,6,HQ7,66,3.N
PR4,453,.C4,PR4,453,.C4,PR4
BV5,91,.C7,B33,13,BV5,91
PR5,107,.L6,7,PR5,107,.L6
BX9,55,2.K,452,5,BX9,55
BX1,378,.R5,4,BX1,378,.R5
PC2,129,.E3,PC2,129,.E3,PC2
BT1,21,P51,3,BT1,21,P51
BX2,350,.P4,781,3,BX2,350
BT2,16,G58,13,BT2,16,G58
BR1,45,3.G,582,1,BR1,45
BT6,45,C37,BT6,45,C37,BT6
BT7,66,D4,BT7,66,D4,BT7
BR7,46,B5,BR7,46,B5,BR7
PR4,453,.C4,A6,PR4,453,.C4
BR3,5,C5,BR3,5,C5,BR3
BR4,55,C7,BR4,55,C7,BR4
BR4,75,V5,BR4,75,V5,BR4
BL5,1.G,631,3,BL5,1.G,631
B76,5.T,54E,19,B76,5.T,54E
BR6,5.A,64E,5,BR6,5.A,64E
BT9,93,R31,3,BT9,93,R31
CB3,53,CB3,53,CB3,53,CB3
PS3,565,.C5,7,PS3,565,.C5
BT7,3,R53,BT7,3,R53,BT7
BX2,347,.W4,3,BX2,347,.W4
BR1,720,.A9,L36,13,BR1,720
PR6,39,.O3,2,PR6,39,.O3
BR1,705,.A2,V52,5,BR1,705
BV2,10,B87,BV2,10,B87,BV2
PQ4,412,.G5,5,PQ4,412,.G5
D15,7.S,736,D15,7.S,736,D15
BX2,350,.G7,5,BX2,350,.G7
BS2,585,.M3,7,BS2,585,.M3
BS2,575,.M3,7,BS2,575,.M3
N80,65,N80,65,N80,65,N80
BV4,501,.M1,92,BV4,501,.M1
BX8,90,N41,7,BX8,90,N41
PZ7,.L5,847,4L,PZ7,.L5,847
BJ3,7.S,855,BJ3,7.S,855,BJ3
BX4,668,.H8,6,BX4,668,.H8
BV4,647,.J6,8L3,2,BV4,647
BX2,350,0.65,BX2,350,0.65,BX2
BV4,647,.F5,5H8,5,BV4,647
BX2,230,.C3,8,BX2,230,.C3
BX4,705,.S3,36,BX4,705,.S3
BJ1,470,.K4,5,BJ1,470,.K4
BT7,8,J63,13,BT7,8,J63
GV6,97,S20,10,GV6,97,S20
BX2,355,.W4,5,BX2,355,.W4
BX2,343,.3.,H82,BX2,343,.3.
HF5,388,.S7,4,HF5,388,.S7
BX2,350,0.3,BX2,350,0.3,BX2
BT3,4,K45,BT3,4,K45,BT3
BX2,435,.S2,56,BX2,435,.S2
BX4,705,.F6,2P6,3,BX4,705
BX2,350,0.2,BX2,350,0.2,BX2
BX4,705,.I4,6A3,BX4,705,.I4
HQ4,71,F72,5,HQ4,71,F72
RC5,37,K20,12,RC5,37,K20
PR6,39,.O3,2L6,718,PR6,39
PR6,39,.O3,2L6,718,PR6,39
PR6,39,.O3,2L6,718,PR6,39
PR6,39,.O3,2L6,718,PR6,39
PR6,39,.O3,2L6,718,PR6,39
PN5,6.H,38P,437,PN5,6.H,38P
BT2,5,S27,13,BT2,5,S27
BX4,700,.K5,5F4,4,BX4,700
BX1,378,.5A,8,BX1,378,.5A
BX4,700,.B7,5F6,BX4,700,.B7
BR1,45,O86,BR1,45,O86,BR1
BX1,754,.K3,65,BX1,754,.K3
BT1,3,S77,BT1,3,S77,BT1
BX4,705,.A5,8D8,213,BX4,705
BX4,705,.F6,5A5,713,BX4,705
BX1,961,.P4,5,BX1,961,.P4
BX2,230,.M6,6,BX2,230,.M6
BS2,341,.2.,N38,2,BS2,341
BX1,912,.J6,5,BX1,912,.J6
BX2,350,.B6,45,BX2,350,.B6
BV2,10,2.S,516,5,BV2,10
HQ8,1,C68,HQ8,1,C68,HQ8
BX2,347,.M2,7,BX2,347,.M2
BX1,969,.R3,813,BX1,969,.R3
BX1,970,.M4,841,3,BX1,970
BX2,170,.A4,A36,BX2,170,.A4
BX2,375,.D8,7,BX2,375,.D8
BX8,42,D84,BX8,42,D84,BX8
BX4,668,.R3,2,BX4,668,.R3
BX4,705,.N4,26B,69,BX4,705
BX2,40,.J6,4,BX2,40,.J6
BV4,811,.G7,88,BV4,811,.G7
PZ7,.L5,847,4L,PZ7,.L5,847
GN2,84,A29,GN2,84,A29,GN2
BT4,82,S76,BT4,82,S76,BT4
BV4,910,0.34,.M1,83,BV4,910
DS1,35,N6H,548,13,DS1,35
BT6,13,P58,201,8,BT6,13
BV2,10,2.S,531,999,BV2,10
BX4,705,.M5,42M,38,BX4,705
BX4,700,BX4,700,BX4,700,BX4
BX4,705,.M5,42G,751,983,BX4
BV4,647,.M4,T47,213,201,6
BX1,644,BX1,644,BX1,644,BX1
BX8,.2.,B37,BX8,.2.,B37,BX8
BX4,705,.M5,42F,87,BX4,705
BX4,700,.L7,M54,BX4,700,.L7
RC5,58,N53,3,RC5,58,N53
PQ2,613,.I5,7H5,813,PQ2,613
BV4,509,.T4,5,BV4,509,.T4
BX1,912,0.5,BX1,912,0.5,BX1
BV5,31,.F8,6,BV5,31,.F8
HQ3,1,HQ3,1,HQ3,1,HQ3
BS5,34,W55,BS5,34,W55,BS5
BT6,11,M37,BT6,11,M37,BT6
BX4,705,.N1,7C7,BX4,705,.N1
BX4,700,.F8,A4,BX4,700,.F8
BX3,706,.A2,P65,13,BX3,706
BX3,705,.R6,313,BX3,705,.R6
PR9,199,.O2,5F3,9,PR9,199
PR9,199,.O2,5I8,5,PR9,199
BR1,28,A8E,24,BR1,28,A8E
BX4,700,.T6,O44,BX4,700,.T6
BX1,912,.B3,7,BX1,912,.B3
BX2,350,.S3,68,BX2,350,.S3
BX2,350,.M2,65,BX2,350,.M2
BX1,751,.S4,2,BX1,751,.S4
BS4,91,2.N,321,BS4,91,2.N
PZ7,.L5,847,4C,PZ7,.L5,847
BX3,702,.3.,S56,13,BX3,702
BX3,706,.O4,25,BX3,706,.O4
BX2,375,.R3,8,BX2,375,.R3
BX2,179,.L7,E5,BX2,179,.L7
BX2,380,.1C,939,BX2,380,.1C
BX2,380,.C6,44,BX2,380,.C6
PR6,45,.A9,7,PR6,45,.A9
PS3,604,.O3,4A7,7,PS3,604
ND2,49,K85,A2,ND2,49,K85
BT3,1,J64,BT3,1,J64,BT3
BX1,795,.G6,6S2,7,BX1,795
BV4,509,.S2,713,BV4,509,.S2
BT5,90,P45,B32,13,BT5,90
BX2,179,.L8,BX2,179,.L8,BX2
BX2,347,.S7,75,BX2,347,.S7
BX2,179,.L8,L37,BX2,179,.L8
BS2,576,.W7,5,BS2,576,.W7
BT1,102,BT1,102,BT1,102,BT1
BX1,746,.L6,3,BX1,746,.L6
BX2,350,.L4,387,BX2,350,.L4
PQ4,714,.A2,PQ4,714,.A2,PQ4
RJ4,96,C67,P57,RJ4,96,C67
BT8,25,N63,BT8,25,N63,BT8
BS2,575,.B7,6,BS2,575,.B7
PR6,23,.E9,26Z,48,PR6,23
BX2,350,.G3,5,BX2,350,.G3
BT7,7.L,348,BT7,7.L,348,BT7
BT9,7.L,43,BT9,7.L,43,BT9
BT8,21,R37,13,BT8,21,R37
BX1,751,.R3,413,BX1,751,.R3
BX1,746,.R3,641,3,BX1,746
BX1,795,.S4,8,BX1,795,.S4
BX1,795,.S4,8J6,45,BX1,795
BT1,53,M4G,24,BT1,53,M4G
BR1,15,S57,M54,BR1,15,S57
BX2,179,.L8,G35,4,BX2,179
BX1,795,.G6,6S2,7,BX1,795
BX4,700,.V5,T72,BX4,700,.V5
PQ4,315,.E7,6,PQ4,315,.E7
PQ4,315,.H6,5,PQ4,315,.H6
PQ4,315,.S3,2,PQ4,315,.S3
BX4,700,.T6,D35,BX4,700,.T6
BJ1,451,.S2,3,BJ1,451,.S2
BX3,706,.B7,BX3,706,.B7,BX3
PR6,7,.E8,4G6,5,PR6,7
PR6,7,.E8,4S4,7,PR6,7
BV4,639,.C3,227,13,BV4,639
BX4,705,.A4,29R,651,3,BX4
QP1,11,Y68,QP1,11,Y68,QP1
BX1,795,.H8,2C3,831,3,BX1
BX4,705,.N5,BX4,705,.N5,BX4
BX4,700,.T5,F87,BX4,700,.T5
BT1,109,.D8,5,BT1,109,.D8
BX1,378,.A4,5,BX1,378,.A4
BX2,350,.D8,3,BX2,350,.D8
BR7,35,J46,BR7,35,J46,BR7
PR2,135,.A2,A65,PR2,135,.A2
BR6,0.A,572,BR6,0.A,572,BR6
BD4,50,L57,441,3,BD4,50
BT6,95,S27,BT6,95,S27,BT6
BT1,390,.S4,3,BT1,390,.S4
BX4,705,.M5,42H,55,BX4,705
BX4,406,.Z8,T47,BX4,406,.Z8
BF5,3,M44,BF5,3,M44,BF5
BV2,160,.J6,4,BV2,160,.J6
BX1,795,.H3,4,BX1,795,.H3
BV4,0.D,38,BV4,0.D,38,BV4
BV4,626,.V6,7,BV4,626,.V6
PN6,737,.L5,3P5,8,PN6,737
BV4,423,.M3,713,BV4,423,.M3
BR1,62,B46,BR1,62,B46,BR1
BR1,65,W56,BR1,65,W56,BR1
BV8,25,P58,BV8,25,P58,BV8
BX3,4,.E6,BX3,4,.E6,BX3
BX1,751,.L8,213,BX1,751,.L8
BS2,575,.B3,5,BS2,575,.B3
BS2,583,197,5,BS2,583,197
BX4,705,.D2,83H,46,BX4,705
PS3,565,.C5,7A6,PS3,565,.C5
BT9,93,B46,4,BT9,93,B46
BX1,378,.P8,7,BX1,378,.P8
HQ7,6.U,5H7,688,HQ7,6.U,5H7
HQ7,6.R,383,HQ7,6.R,383,HQ7
BR1,15,H6S,73,BR1,15,H6S
HQ7,6.G,493,HQ7,6.G,493,HQ7
BX4,705,.M4,294,A3,BX4,705
BT7,8,Y37,BT7,8,Y37,BT7
BT1,2,J63,BT1,2,J63,BT1
BX1,378,.S9,5,BX1,378,.S9
BT1,21,J64,BT1,21,J64,BT1
BX1,378,.B4,7,BX1,378,.B4
BT2,2,J63,BT2,2,J63,BT2
BX2,163,.C3,8,BX2,163,.C3
BX4,700,.F6,P35,5,BX4,700
BX4,655,.B7,6,BX4,655,.B7
BX1,378,.S9,8,BX1,378,.S9
BS1,430,.K6,4,BS1,430,.K6
BX1,378,.O2,4,BX1,378,.O2
BX1,795,.S4,8P4,6,BX1,795
BX1,378,.T7,BX1,378,.T7,BX1
BX2,350,.5.,C38,BX2,350,.5.
BX2,347,.C4,5,BX2,347,.C4
BS2,984,.J6,414,BS2,984,.J6
QC9,81,C5H,74,QC9,81,C5H
BX1,378,.C3,7,BX1,378,.C3
BX1,751,.J6,3,BX1,751,.J6
BX1,378,.K5,53,BX1,378,.K5
BX1,378,.T5,8,BX1,378,.T5
BX4,705,.S5,7D5,BX4,705,.S5
BX4,705,.N5,BX4,705,.N5,BX4
BX4,705,.N5,N45,4,BX4,705
PZ7,.L5,847,4H,PZ7,.L5,847
BX1,959,.E5,C38,BX1,959,.E5
BX2,179,.T4,S44,BX2,179,.T4
BX4,700,.T4,O22,BX4,700,.T4
BV5,80,.J7,43,BV5,80,.J7
HQ7,74,JB,HQ7,74,JB,HQ7
BR1,706,.H5,713,BR1,706,.H5
BX2,265,0.3,BX2,265,0.3,BX2
BS1,75,.G8,BS1,75,.G8,BS1
BV4,810,BV4,810,BV4,810,BV4
BX4,668,.S7,3O2,4,BX4,668
BX3,203,.P3,8,BX3,203,.P3
BX4,705,.S8,14F,313,BX4,705
BX4,705,.S8,14,BX4,705,.S8
BX4,700,.T4,W3,BX4,700,.T4
BX4,700,.J7,S75,13,BX4,700
BX4,700,.T4,B68,BX4,700,.T4
BX2,179,.T3,A75,13,BX2,179
BX2,179,.F8,BX2,179,.F8,BX2
BX2,347,.S6,4,BX2,347,.S6
BV4,647,.C5,C32,13,BV4,647
BV4,832,.L5,4,BV4,832,.L5
BX4,406,.Z8,G65,13,BX4,406
BX4,700,.J7,K56,BX4,700,.J7
BS1,245,.E4,4,BS1,245,.E4
BS1,235,.G5,3,BS1,235,.G5
BV1,475,.9.,E27,BV1,475,.9.
BX9,21,O43,BX9,21,O43,BX9
BX1,378,0.5,BX1,378,0.5,BX1
BX1,959,.E5,C38,BX1,959,.E5
BS2,330,.B7,6,BS2,330,.B7
BX2,179,.T5,3K5,7,BX2,179
BX2,350,.S4,38,BX2,350,.S4
BX2,182,.F7,3,BX2,182,.F7
BX4,705,.F6,5C3,713,BX4,705
BF1,45,.N4,E23,BF1,45,.N4
BR1,706,.W8,3,BR1,706,.W8
BT4,31,L62,13,BT4,31,L62
BX4,700,BX4,700,BX4,700,BX4
BX4,700,.T5,H28,BX4,700,.T5
BX4,705,.M3,65D,471,3,BX4
BX4,705,.B7,2,BX4,705,.B7
BX3,203,.S5,2,BX3,203,.S5
BX3,206,.O3,3,BX3,206,.O3
BX4,705,.M4,238,A32,BX4,705
BT3,1,I83,BT3,1,I83,BT3
PR1,195,.C4,8.00E+09,7,PR1,195
BX4,700,.F6,9K4,6,BX4,700
BX1,378,.C3,8,BX1,378,.C3
BT4,31,3,BT4,31,3,BT4
BX2,170,.L4,C6,BX2,170,.L4
BX1,378,.J5,74,BX1,378,.J5
BX2,170,.L4,G74,BX2,170,.L4
BV4,277,.S3,4,BV4,277,.S3
BX2,170,.L4,D37,BX2,170,.L4
BV8,5.S,49,BV8,5.S,49,BV8
BS5,34,P76,5,BS5,34,P76
BS5,34,P76,5,BS5,34,P76
BX1,912,.J6,5,BX1,912,.J6
BS2,95,.N3,94,BS2,95,.N3
BX1,378,.F5,8,BX1,378,.F5
BS2,585,.S5,7,BS2,585,.S5
BX1,378,.J6,6,BX1,378,.J6
BR1,15,H4W,55,BR1,15,H4W
BT4,31,A41,3,BT4,31,A41
BX1,378,.M3,5,BX1,378,.M3
BX1,378,.G7,BX1,378,.G7,BX1
BX2,159,.H7,BX2,159,.H7,BX2
BT4,31,M87,BT4,31,M87,BT4
BX2,435,.C3,613,BX2,435,.C3
BX2,265,.W8,4,BX2,265,.W8
BX1,378,.F4,BX1,378,.F4,BX1
BV4,330,.W4,4,BV4,330,.W4
BX2,215,.B6,7,BX2,215,.B6
PS3,515,.A8,285,4S3,PS3,515
BX1,378,.J6,291,3,BX1,378
BX2,215,.B3,7,BX2,215,.B3
B33,32,S67,2,B33,32,S67
BX4,705,.B8,15E,88,BX4,705
BF5,75,H27,A44,6,BF5,75
BX2,350,.K4,528,BX2,350,.K4
BT6,60,F3,BT6,60,F3,BT6
BV4,813,.R5,7,BV4,813,.R5
BV2,83,G7T,24,BV2,83,G7T
BX1,795,.S4,8J6,45,BX1,795
HN3,7.C,3,HN3,7.C,3,HN3
BR2,90,D31,3,BR2,90,D31
BR4,70,D32,3,BR4,70,D32
BL4,58,W5,BL4,58,W5,BL4
BS1,91,A1,BS1,91,A1,BS1
BR1,15,C5D,37,BR1,15,C5D
BR1,15,W6M,313,BR1,15,W6M
BT6,1,D25,3,BT6,1,D25
Z55,79,6CB,425,.D5,4,Z55
LC5,4,M84,LC5,4,M84,LC5
TX8,37,D25,TX8,37,D25,TX8
RB1,50,C6O,223,RB1,50,C6O
RA3,90,U5D,583,RA3,90,U5D
R72,2.D,65D,65,R72,2.D,65D
PZ3,.B5,402,47D,PZ3,.B5,402
PS3,523,.Y5,15W,6,PS3,523
PS3,537,.T3,234,G8,PS3,537
PR9,199,.B7,98P,4,PR9,199
PR6,15,.O7,9Z9,PR6,15,.O7
PR6,39,.O3,2,PR6,39,.O3
PR6,39,.O3,2,PR6,39,.O3
PR6,39,.O3,2,PR6,39,.O3
BR1,608,.R8,W85,BR1,608,.R8
PR6,7,.E8,4C5,8,PR6,7
PR6,37,.E7,2S5,6,PR6,37
PR1,203,.S8,PR1,203,.S8,PR1
PZ4,.T8,16P,R60,39,R52,PZ4
PQ6,400,.J8,A17,PQ6,400,.J8
PQ4,315,0.4,PQ4,315,0.4,PQ4
PQ4,315,.S5,6,PQ4,315,.S5
PQ4,315,.E7,6,PQ4,315,.E7
PQ4,315,.E7,6,PQ4,315,.E7
PQ4,315,.H6,5,PQ4,315,.H6
PQ4,315,.S3,2,PQ4,315,.S3
PQ2,450,.T1,6A2,5,PQ2,450
PN6,178,PN6,178,PN6,178,PN6
PG3,326,PG3,326,PG3,326,PG3
PE1,628,.C6,8,PE1,628,.C6
PC2,640,.C6,55,PC2,640,.C6
PA2,60,G44,PA2,60,G44,PA2
BR5,16,BR5,16,BR5,16,BR5
NA1,121,.R6,H56,NA1,121,.R6
N69,21,V,N69,21,V,N69
N79,52,A1I,43,N79,52,A1I
HV8,85,N5,HV8,85,N5,HV8
HV1,624,.M3,7,HV1,624,.M3
HV7,75,N2B,6,HV7,75,N2B
HV8,85,L3A,7,HV8,85,L3A
HQ7,66,3.C,32,HQ7,66,3.C
HQ7,67,C2P,47,HQ7,67,C2P
BL2,31,BL2,31,BL2,31,BL2
HQ5,19,L46,HQ5,19,L46,HQ5
HQ7,70,C65,HQ7,70,C65,HQ7
HQ7,66,F73,HQ7,66,F73,HQ7
HQ7,77,C38,HQ7,77,C38,HQ7
HN3,7.C,3A3,HN3,7.C,3A3,HN3
HN3,7.C,3A3,HN3,7.C,3A3,HN3
HN3,7.C,3A3,HN3,7.C,3A3,HN3
BX1,795,.E2,7C3,7,BX1,795
BX1,753,.C3,281,3,BX1,753
HD6,338,HD6,338,HD6,338,HD6
BX8,60,BX8,60,BX8,60,BX8
AG5,.C2,7,AG5,.C2,7,AG5
BS4,91,5.S,44,BS4,91,5.S
E18,5.G,8,E18,5.G,8,E18
DR2,95,.G4,7G7,813,DR2,95
DG7,94,M35,DG7,94,M35,DG7
DA3,34,W8F,38,DA3,34,W8F
BX2,347,.Y7,S68,7,BX2,347
BX1,753,.H7,6,BX1,753,.H7
BX4,700,.T5,E97,BX4,700,.T5
BX2,45,.I5,53N,56,BX2,45
BX8,129,.A5,E33,BX8,129,.A5
BX2,350,.A1,E45,BX2,350,.A1
BX4,705,.R5,9P4,9,BX4,705
BX4,705,.A4,28L,351,3,BX4
BX4,705,.L7,42G,38,BX4,705
BX2,169,.L8,713,BX2,169,.L8
BX5,620,.C7,5A3,BX5,620,.C7
BX2,350,.3.,T48,213,BX2,350
BX4,668,.A1,I54,BX4,668,.A1
BX2,350,.E4,13,BX2,350,.E4
BX2,350,.F5,73,BX2,350,.F5
BX9,45,M63,BX9,45,M63,BX9
BX4,700,.J7,D64,BX4,700,.J7
BX1,795,.S6,5,BX1,795,.S6
BX2,182,.N4,5,BX2,182,.N4
BX4,700,.T5,D35,613,BX4,700
BX4,700,.T5,M37,BX4,700,.T5
BX3,203,.W4,5,BX3,203,.W4
BX2,350,.R6,55,BX2,350,.R6
BX4,406,.Z8,E38,BX4,406,.Z8
BX1,756,.J6,4F7,BX1,756,.J6
BX4,700,.T5,M32,813,BX4,700
BX2,179,.T4,9.00E+05,BX2,179,.T4
BX4,705,.R6,69B,76,BX4,705
BX4,705,BX4,705,BX4,705,BX4
BX4,667,.H3,6,BX4,667,.H3
BX2,355,.M2,15,BX2,355,.M2
BX2,347,.7.,L44,BX2,347,.7.
BX2,347,.S8,D65,BX2,347,.S8
BX3,204,.Z5,P37,BX3,204,.Z5
BX2,163,.C3,95,BX2,163,.C3
BX4,705,.F6,5H3,3,BX4,705
BX3,702,.G6,8,BX3,702,.G6
BX4,705,.M5,42A,3,BX4,705
BX1,752,.H2,3,BX1,752,.H2
BX9,45,S74,BX9,45,S74,BX9
BX2,351,.R8,3,BX2,351,.R8
BX4,705,.M5,42A,3,BX4,705
BX1,751,.J6,35,BX1,751,.J6
BX4,705,.B9,38F,68,BX4,705
BX2,230,.H2,9,BX2,230,.H2
BX1,754,.T3,4,BX1,754,.T3
BX1,751,.H3,6,BX1,751,.H3
BV4,485,BV4,485,BV4,485,BV4
BX2,350,.E3,4,BX2,350,.E3
BX4,700,.L7,P8,BX4,700,.L7
BX2,265,.S6,513,BX2,265,.S6
BX2,350,.M3,7,BX2,350,.M3
BX4,700,.T5,A4,BX4,700,.T5
BX4,700,.T5,D83,13,BX4,700
BX4,705,.C,BX4,705,.C,BX4
BX4,700,.K2,4P7,313,BX4,700
BX4,705,.P4,575,C63,BX4,705
BX4,700,.T5,F65,BX4,700,.T5
BX4,700,.T5,E69,BX4,700,.T5
